Alimento;Kcal (100g);Proteína (g);Hidratos (g);Gordura (g)
Abacate, Hass;176;1,1;2,3;17,4
Abóbora cristalizada;293;0;72,4;0,2
Abóbora crua;11;0,3;1,7;0,2
Abrótea cozida;79;19,4;0;0,1
Abrótea crua;70;17,2;0;0,1
Açafrão;353;11,4;61,5;5,9
Açafrão-da-índia seco;312;6,7;44,1;7
Acelga crua;23;1,8;2,7;0,2
Achocolatado com alto teor de gordura, pó;428;12;70,6;10,6
Achocolatado com baixo teor de gordura, pó;395;6,5;86,2;2,5
Açorda;104;3,3;13,1;4
Açorda à alentejana;95;3,5;12,3;3,3
Açorda de bacalhau;69;3,4;5,7;3,5
Açorda de marisco;51;4,5;5,4;1,2
Açorda de ovo;108;3,6;14;4
Açúcar amarelo;390;0;97,5;0
Açúcar branco;397;0;99,3;0
Agrião cru;29;3,4;0,4;0,9
"Água mineral natural gaseificada, ""Água Castello""";0;0;0;0
"Água mineral natural gaseificada, ""Vimeiro""";0;0;0;0
"Água mineral natural gasocarbónica, ""Pedras Salgadas""";0;0;0;0
"Água mineral natural, ""Luso""";0;0;0;0
Água, rede pública de abastecimento (Lisboa);0;0;0;0
Aguardente;308;0;0;0
Aipo cru;15;1,1;1,5;0,1
Alcachofra cozida;46;3;5,3;0,2
Alcachofra crua;51;3;6,8;0,2
Alcaparras (picles);44;2,4;4,9;0,9
Alecrim fresco;115;1,4;13,5;4,4
Alecrim seco;377;4,9;46,4;15,2
Alface;12;0,9;1,5;0
Alface roxa;12;0,9;1,5;0
Algas nori;256;30,8;9,2;2,6
Alheira cozida;269;8,3;26,8;14
Alheira crua;309;8,3;27,4;18,1
Alheira grelhada;302;8,1;28,5;17
Alho-francês cru;26;1,8;2,9;0,3
Alho cru;72;3,8;11,3;0,6
Alho em pó;310;17,6;52,3;1,2
Almôndegas de porco;234;8;29,2;8,9
Almôndegas de vaca;252;17;6,4;17,4
Almôndegas de vaca e porco;243;19,2;3,8;16,7
Alperce;48;0,8;8,5;0,1
Alperce seco;242;5,4;41,2;0,9
Alperce, conserva em calda de açúcar;163;0,5;39,3;0,1
Alternativa vegetal ao iogurte à base de coco, sem açúcar;89;0,7;6,6;6,5
Alternativa vegetal ao iogurte à base de soja;59;3;5,9;2,4
Amêijoa aberta ao natural sem sal;131;23,4;5,2;1,8
Amêijoa crua;65;11,7;2,6;0,9
Amêijoas à Bulhão Pato;89;12,8;3,2;2,5
Ameixa branca;40;0,6;7,8;0,2
Ameixa encarnada;41;0,8;7,4;0,2
Ameixa rainha Cláudia;57;0,8;11,8;0,1
Ameixa seca;198;2,9;37,8;0,3
Ameixa, conserva em calda de açúcar;115;0,2;27,5;0,2
Amêndoa, miolo, com pele;643;21,6;7,2;56
Amêndoa, miolo, torrada, sem pele;650;21,6;7,1;56,8
Amendoim, miolo;589;25,4;10,1;47,7
Amendoim, miolo, torrado com sal;622;27,3;6;51
Amendoim, miolo, torrado sem sal;622;27,3;6;51
Amora silvestre;43;1,4;4,5;0,9
Ananás;42;0,5;8,6;0
Ananás desidratado;363;3,8;72,8;1,5
Ananás, conserva em calda de açúcar;98;0,5;23,2;0
Anchova, conserva em óleo, escorrido;191;25,2;0;10
Anona;82;1,7;16,8;0,4
Anona desidratada;351;7,2;71,6;1,7
Arroz à valenciana;111;7,6;7,7;5,3
Arroz agulha cru;347;6,7;78,1;0,4
Arroz carolino branqueado cru;357;7,4;79,6;0,5
Arroz cozido simples;125;2,5;28;0,2
Arroz de bacalhau;90;3,1;15,3;1,6
Arroz de bacalhau com margarina;91;5,4;12,2;2,1
Arroz de cabidela;105;9,4;12,2;1,9
Arroz de cenoura com azeite;127;1,8;19,9;4,2
Arroz de ervilhas;85;2,3;18;0,2
Arroz de feijão;139;3,1;20,8;4,4
Arroz de frango;205;8,4;25,2;7,6
Arroz de frango com feijão e chouriço;116;10,9;8,8;3,4
Arroz de frango malandrinho à moda de Monção;132;10,5;9,3;5,8
Arroz de gambas;94;6,9;8,8;3,4
Arroz de lulas;66;4,8;6,7;2,1
Arroz de manteiga;265;3,8;44,4;7,7
Arroz de marisco;72;6,5;8,2;1,4
Arroz de pato;115;10,8;8,4;4,2
Arroz de peixe;125;7;15,5;3,7
Arroz de peixe com ervilhas;110;4,9;19,8;0,8
Arroz de polvo com azeite;127;10,2;10,9;4,6
Arroz de polvo com tomate;128;5,7;10;7,1
Arroz de polvo com tomate e vinho;90;6,5;6,9;3,6
Arroz de tamboril;87;5,7;7,1;3,8
Arroz de tamboril malandrinho;67;5,9;10;0,2
Arroz de tomate com azeite;129;2;20,1;4,2
Arroz de tomate com margarina;122;2;20,2;3,4
Arroz de tomate malandrinho;132;1,9;16,8;6
Arroz doce;233;4,4;45,2;3,8
Arroz integral cru;351;8,6;71,6;2,5
Atum conserva em óleo;214;24,3;0;13
Atum de cebolada;135;9;2,6;9
Atum fresco cru;138;30,7;0;1,7
Atum fresco grelhado;166;28,4;0;5,8
Atum fresco, bife estufado com azeite e vinho;196;23,1;0,2;10,1
Avelã, miolo;689;14;6;66,3
Azeite (4 marcas);899;0;0;99,9
Azeitona;164;1,3;0;16,8
Bacalhau à Brás;164;9,5;8,3;10,1
Bacalhau à Brás com azeite;195;8,7;6,5;14,7
Bacalhau à Brás com azeite e azeitonas;93;8;6,5;3,6
Bacalhau à Gomes de Sá;139;6,7;13,1;6,3
Bacalhau à Gomes de Sá, com azeite;160;8,6;7,4;10,4
Bacalhau assado no forno com azeite;136;20,8;0,8;4,9
Bacalhau com natas;98;9;9,2;2,6
Bacalhau com natas, com queijo ralado;167;5,3;7,6;12,6
Bacalhau cozido;106;26,2;0;0,1
Bacalhau fresco cozido;84;19,1;0;0,8
Bacalhau fresco cru;76;17,8;0;0,5
Bacalhau grelhado;123;30,2;0;0,2
Bacalhau seco e salgado, demolhado cru;80;19;0;0,4
Bacalhau, filetes fritos;194;19,2;5,1;10,7
Bacalhau, ovas cruas;104;21,7;0;1,9
Bacon;367;13,8;0;34,6
Bacon, grelhado;372;22,2;0;31,5
Bagas goji secas;303;11,2;51,8;2,8
Banana;97;1,4;22,1;0
Banha de porco;896;0;0;99,5
Base em pó para bebida de ananás;369;0;89,5;0
Base em pó para bebida de laranja;375;0;88,9;0
Batata assada com pele, sem sal (só a polpa);90;2,5;19,2;0
Batata assada no forno;159;3,2;24,8;4,8
Batata cozida;59;1,5;12,4;0
Batata crua;90;2,5;19,2;0
Batata doce assada;123;1;28,3;0
Batata doce crua;123;1;28,3;0
Batata estufada com cebola, azeite e óleo alimentar;97;2;14,5;3,1
Batata frita caseira (em palitos);227;3,7;27,6;10,8
Batata frita, de pacote (em rodelas);543;5,7;39;38,1
Batata, fécula;345;0,5;85;0,3
Bebida refrigerante, cola;32;0;7,9;0
Bebida refrigerante, cola sem açúcar;0;0;0;0
Bebida refrigerante, gasosa;28;0;7;0
Bebida refrigerante, laranja;31;0;7,7;0
Bebida vegetal à base de amêndoa (alternativa ao leite);29;0,4;3,7;1,3
Bebida vegetal à base de amêndoa, 0% açúcares (alternativa ao leite);17;0,4;0,3;1,5
Bebida vegetal à base de amêndoa, com aroma a chocolate (alternativa ao leite);49;0,7;8,4;1,4
Bebida vegetal à base de arroz (alternativa ao leite);51;0,2;10,6;0,9
Bebida vegetal à base de aveia (alternativa ao leite);46;0,6;8,2;1,2
Bebida vegetal à base de aveia, 0% de açúcar (alternativa ao leite);36;0,2;6;1,2
Bebida vegetal à base de aveia, com açúcares adicionados (alternativa ao leite);59;0,7;6;3,3
Bebida vegetal à base de soja (alternativa ao leite);49;3;4,1;2,2
Bebida vegetal à base de soja com açúcar, com cálcio, sal e aromas (alternativa ao leite);42;3;3,3;1,6
Bebida vegetal à base de soja com açúcar, sal e aromas (alternativa ao leite);59;3;6,7;2,2
Bebida vegetal à base de soja natural, sem açúcar e sem sal (alternativa ao leite);37;3,1;1,3;2,2
Beldroega crua;13;1;1;0
Berbigão aberto ao natural sem sal;118;21;5,4;1,4
Berbigão cru;59;10,5;2,7;0,7
Beringela crua;21;1,1;2,4;0,2
Beringela grelhada com azeite;99;2;4,3;7,1
Besugo cru;102;19,5;0;2,7
Beterraba (raiz) cozida sem sal;23;1;3,4;0
Beterraba (raiz) crua;23;1;3,5;0
Biscoitos caseiros;423;6,7;73,4;11
Biscoitos limão;382;6,7;77,9;4,4
Biscoitos, argolas;451;5,4;69,7;16,5
Biscoitos, línguas de gato;377;5,2;84,1;1,8
Biscoitos, línguas de veado;474;5,8;65,1;20,7
Biscoitos, palitos la Reine;381;11,5;66,6;7,2
Bola de Berlim sem creme;402;6,8;43,7;21,5
"Bolacha ""Belga""";487;7,1;70,1;19,6
"Bolacha ""Cream cracker""";442;10,8;61,6;16,2
"Bolacha ""waffer"" baunilha";564;3,2;55,3;36,4
Bolacha água e sal;437;8,7;71;12,6
Bolacha aveia;443;10;57,5;18,3
Bolacha chocolate;510;6;67,3;23,4
Bolacha integral (trigo);450;8,8;65,6;15,6
Bolacha manteiga;483;6,2;65,2;21,3
Bolacha Maria;436;8,4;72;12,2
Bolacha torrada;437;7,3;68,5;14,4
Bolo-Rei;407;7,9;57,4;14,9
Bolo de arroz;391;5,8;48,1;19,2
Bolo de bolacha Maria;389;3,9;46,3;20,7
Bolo de chocolate;463;7,4;47;26,4
Bolo de coco;454;4,2;37,8;31
Bolo ferradura;351;5,9;71,6;4,1
Bolo inglês;380;5,1;57;13,9
Borrego, perna no forno;168;21,9;0,4;7,6
Borrego, perna ou costeleta assada com azeite e margarina;234;23,3;0;15,6
Borrego, perna ou costeleta assada com margarina;224;23,3;0;14,5
Borrego, perna ou costeleta assada com margarina, sem molho;166;24,5;0;7,6
Borrego, perna ou costeleta assada sem molho;168;24,1;0;8
Borrego, perna ou costeleta cozida;157;26,5;0;5,7
Borrego, perna ou costeleta crua;124;19,7;0;5
Borrego, perna ou costeleta estufada com azeite e margarina;183;16,2;1,6;12
Borrego, perna ou costeleta estufada com margarina;175;16,2;1,6;11,1
Borrego, perna ou costeleta estufada sem molho;185;25,5;0;9,2
Borrego, perna ou costeleta grelhada;152;25,7;0;5,5
Brandy;246;0;0;0
Brócolos cozidos;29;2,9;2,2;0,3
Brócolos crus;32;3,4;1,5;0,8
Bulgur;344;12,1;65,6;1,9
Búzio cru;82;17,8;2,3;0,2
Cabrito, costeleta crua;120;23,9;0;2,7
Cabrito, costeleta grelhada;151;30,9;0;3
Cabrito, peito cru;116;20,5;0;3,8
Cabrito, peito estufado com azeite e margarina;173;23,3;0,8;8,4
Cabrito, peito estufado com azeite e óleo alimentar;176;23,3;0,7;8,8
Cabrito, peito estufado com manteiga e óleo alimentar;173;23,3;0,8;8,4
Cabrito, peito estufado com margarina e óleo alimentar;173;23,3;0,8;8,4
Cabrito, peito estufado, sem molho;153;28,4;0;4,4
Cabrito, peito grelhado;144;26,5;0;4,2
Cabrito, perna assada com azeite e margarina;180;21,7;0,2;10
Cabrito, perna assada com óleo alimentar e margarina;180;21,7;0,2;10
Cabrito, perna assada, sem molho;135;24,3;0;4,2
Cabrito, perna crua;113;19,3;0;4
Cação cru;82;20;0;0,2
Cação frito;170;24;2,7;7
Cacau em pó;358;19,6;11,1;23,4
Cachucho cru;80;18,3;0;0,7
Café solúvel em pó;272;14,9;41,1;0,5
Café solúvel, descafeinado, pó;274;14,7;42,6;0,2
Café, infusão - bica;4;0,4;0,3;0,1
Café, infusão - café de cafeteira;2;0,2;0,3;0
Café, infusão - carioca;2;0,2;0,3;0
Café, infusão - valor médio (bica 60% e café de cafeteira 40%);3;0,3;0,3;0,1
Caldeirada de bacalhau;67;4,2;7,1;2,1
Caldeirada de bacalhau com enchidos e massa;146;7;9,7;8,5
Caldeirada de cabrito com azeite e banha;119;11,3;8,3;4,3
Caldeirada de cabrito com azeite e margarina;116;11,3;8,3;4
Caldeirada de enguias;171;6,6;8,2;11,9
Caldeirada de enguias à moda de Aveiro;245;7,4;5,3;21,4
Caldeirada de pargo e peixe-espada-preto;138;7,2;4,4;9,8
Caldeirada de peixe;84;7,5;4,4;3,5
Caldeirada de safio;81;4,5;7,2;3,1
Caldeirada de safio com amêijoas;80;6,9;5,8;2,7
Caldeirada de safio, raia e tamboril;98;7;9,8;2,9
Caldo preparado com cubo de carne de galinha (diluição 2%);5;0,3;0,2;0,3
Caldo preparado com cubo de carne de vaca (diluição 2%);4;0,4;0,2;0,2
Camarão cozido;99;22,6;0,4;0,8
Camarão cozido sem sal;92;20,2;0,3;1,1
Camarão cru;77;17,6;0,3;0,6
Canela moída;315;3,9;55,5;3,2
Canja de frango com aipo;56;7,8;2,3;1,7
Canja de frango com massa;61;10,8;2,1;1
Canónigos crus;24;2;2;0,4
Cantarilho (Redfish) assado com cebola, tomate, azeite e bacon;142;13,6;1,2;8,6
Cantarilho (Redfish) com batata, no forno;108;8,7;5,7;4,9
Cantarilho (Redfish) cozido;99;19,3;0;2,4
Cantarilho (Redfish) cru;101;18,6;0;2,9
Cantarilho (Redfish) no forno;114;17,3;1,1;2,7
Caracol riscado, cozido;89;10;3,5;3,9
Caracol, cru;85;16,1;2;1,4
Carambola;40;0,5;7,1;0,3
Carapau cru;105;19,7;0;2,9
Carapau frito;186;24;1;9,6
Carapau grelhado;139;26,3;0;3,7
Cardamomo verde;335;10,8;49,5;6,2
Caril em pó;342;12,7;25,2;13,8
Carne à bolonhesa;238;11,5;15,6;14
Carne à jardineira;140;9,7;5,6;8,1
Carne de porco à alentejana;229;14,6;1,8;16,9
Carne de porco à alentejana sem massa de pimentão;183;16;2,2;11,8
Carneiro, costeleta crua;151;20,8;0;7,5
Carneiro, pá assada com azeite e margarina;319;24,3;0;24,6
Carneiro, pá assada com margarina;310;24,3;0;23,6
Carneiro, pá assada, sem molho;202;25,1;0;11,3
Carneiro, pá cozida;238;27,6;0;14,2
Carneiro, pá crua;195;20,5;0;12,6
Carneiro, pá estufada sem molho;238;27,6;0;14,2
Carneiro, peito gordo, cozido;333;23,3;0;26,6
Carneiro, peito gordo, cru;396;16,8;0;36,5
Carneiro, perna gorda, assada, sem molho;285;24,3;0;20,9
Carneiro, perna gorda, crua;276;19,1;0;22,2
Carneiro, perna gorda, estufada sem molho;339;26,5;0;25,9
Carneiro, perna magra assada com azeite e margarina;242;23,5;0;16,4
Carneiro, perna magra assada com margarina;232;23,5;0;15,3
Carneiro, perna magra, assada, sem molho;178;24,2;0;9
Carneiro, perna magra, crua;130;19,8;0;5,6
Carneiro, perna magra, estufada com azeite e margarina;201;17,4;1,7;13,4
Carneiro, perna magra, estufada com margarina;193;17,4;1,7;12,5
Carneiro, perna magra, estufada sem molho;195;25,6;0;10,3
Carneiro, perna ou costeleta magra frita com margarina, sem molho;174;24,7;0;8,4
Carneiro, rim cru;92;16,2;0;3
Carneiro, rim frito com margarina;205;22,3;0;12,9
Caseína;358;86,2;0;1,5
Castanha assada com sal;222;3,5;45,5;1,3
Castanha cozida sem sal;175;2,8;35,9;1
Castanha de caju torrada e salgada;613;19,6;19,4;50
Castanha de caju torrada, sem sal;613;19,6;19,4;50
Castanha do Brasil;690;9,6;2,6;66,7
Castanha pilada;341;5,1;70;2
Castanha, miolo;194;3,1;39,8;1,1
Cavala cozida;192;20,5;0;12,2
Cavala crua;202;20,3;0;13,4
Cavala em filetes, conserva em azeite;182;24;0;9,6
Cavala grelhada;192;18,5;0,6;12,2
Cavala no forno;192;12,9;2,3;14,3
Cavalo, bife de alcatra crua;116;21,1;0;3,5
Cavalo, bife de alcatra frita com manteiga;177;23,3;0;9,3
Cavalo, bife de alcatra frita com margarina;176;23,3;0;9,2
Cavalo, bife de alcatra frita, sem molho;147;24,7;0;5,4
Cavalo, lombo ou pá assado com azeite e manteiga;167;22,7;0,1;8
Cavalo, lombo ou pá assado com margarina;161;22,7;0,1;7,3
Cavalo, lombo ou pá assado sem molho;136;24,2;0;4,3
Cavalo, lombo ou pá cru;99;19,6;0;2,3
Cavalo, lombo ou pá frito com manteiga;158;21,6;0;8
Cavalo, lombo ou pá frito com margarina;157;21,6;0;7,8
Cebola cozida;18;1;2,4;0,2
Cebola crua;20;0,9;3,1;0,2
Cebola doce, crua;25;0,8;4,9;0
Cebola frita com óleo alimentar;138;1,9;6,2;11,2
Cebola roxa, crua;43;0,7;8,6;0
Cebolinho fresco;28;2,8;1,7;0,6
Cenoura baby crua;29;0,6;4,9;0,1
Cenoura cozida;33;0,9;5,7;0
Cenoura crua;25;0,6;4,4;0
"Cereal de pequeno almoço à base de farelo de trigo (tipo ""All-Bran"")";310;15,1;39,8;3,4
"Cereal de pequeno almoço de trigo integral tipo ""Weetabix""";364;10,7;71,5;2
Cerefólio fresco;80;4;12;1
Cereja (4 variedades);67;0,8;13,3;0,7
Cereja desidratada;366;4,4;72,6;3,8
Cereja, conserva em calda de açúcar;120;0,4;28,7;0,2
Cereja, cristalizada;326;0,4;79,9;0,2
Cerveja branca;30;0,4;0,5;0
Cerveja preta;23;0,5;0,6;0
Cerveja sem álcool;7;0,3;1,5;0
Chá, infusão, preto;1;0,1;0,2;0
Chá, infusão, verde;1;0,1;0,2;0
Chamuça;344;9,1;39,3;16,3
Cherne cozido;124;18,9;0;5,4
Cherne cru;132;17,9;0;6,7
Cherne grelhado;153;24,1;0;6,3
Chicharro cozido;111;21,1;0;3
Chicharro cru;105;19,7;0;2,9
Chicharro grelhado;139;26,3;0;3,7
Chicória crua;14;1;0,9;0,1
Choco cru;79;18,9;0;0,4
Choco grelhado;109;25,8;0;0,6
Chocolate culinária, tablete;502;5,4;44;30,5
Chocolate de leite, tablete;552;8;53,1;33,9
Chocolate negro (aproximadamente 50% cacau);530;5,2;52,6;31,7
Chocolate, pó;469;4,2;63,8;20,3
Chouriço de carne de porco, cru;476;20;0;44,1
Chouriço de carne de porco, gordo, cru;544;15,4;0;53,6
Chouriço de carne de porco, magro, cozido sem adição de sal;334;24,8;0;26,1
Chouriço de carne de porco, magro, cru;409;24,5;0;34,5
Chouriço de carne de porco, magro, grelhado;343;31,6;0;24,1
Chouriço de sangue cozido;263;11,2;0;24,2
Chouriço de sangue, cru;328;11;0;31,6
Chuchu;19;0,8;2,9;0,1
Chucrute;15;1,3;1,1;0,3
Clara de ovo de galinha, crua;47;11;0;0,3
Clara de ovo de galinha, pasteurizada;46;10,5;1;0
Clementina;53;0,8;11,1;0,2
Coco seco, ralado;648;5,6;6,4;62
Codorniz carne sem pele, crua;119;22,1;0;3,4
Codorniz com pele, crua;170;21,5;0;9,3
Codorniz com pele, estufada com azeite;234;25,6;0,7;13,4
Codorniz com pele, grelhada;202;24,5;0;11,6
Coelho à caçador;182;12,3;1,6;12,7
Coelho cru;117;20,3;0;4
Coelho em vinha de alhos;174;11,3;1,4;11,6
Coelho estufado;211;26,6;0,9;10,2
Coelho estufado com azeite;218;26,6;0,9;11
Coelho estufado com margarina;205;26,6;0,9;9,5
Coentros crus;28;2,4;1,8;0,6
Cogumelos enlatados, escorridos;17;2,1;0;0,4
Cogumelos fritos com óleo alimentar;163;2,4;0,3;16,2
Cogumelos marron;23;3,2;1,5;0,2
Cogumelos ostra (pleurotus);27;2,4;2,7;0,2
Cogumelos, genérico;18;1,8;0,5;0,5
Colorau;358;14,8;35;13
Cominhos;427;18;34;22
Compota de alperce;239;0,4;58,9;0
Compota de ameixa;200;0,3;49,2;0
Compota de ananás;211;0,5;50,8;0,1
Compota de cereja;251;0,4;61,9;0
Compota de laranja;242;0,4;59,5;0
Condimento de mostarda;158;5,7;18,5;6,4
Corvina cozida;95;20,7;0;1,4
Corvina crua;94;20,4;0;1,4
Couve-branca cozida;17;0,7;1,7;0,4
Couve-branca crua;28;1,4;3,5;0,4
Couve-de-Bruxelas cozida;34;1,1;3,5;1,3
Couve-de-Bruxelas crua;50;3,5;4;1,4
Couve-flor cozida;21;1,6;2;0,3
Couve-flor crua;34;3,7;3,3;0,2
Couve-galega cozida;29;2,1;2,9;0,4
Couve-galega crua;32;2,4;3,1;0,4
Couve-lombarda cozida;22;2,2;1,4;0,2
Couve-lombarda crua;26;2,4;2,1;0,2
Couve-portuguesa cozida;25;1,6;2,5;0,4
Couve-portuguesa crua;31;2,2;3,5;0,4
Couve-roxa crua;30;2;3,9;0
Cozido à portuguesa;120;6,8;6,2;7
Cozido à portuguesa com grão;259;11,7;20,5;13,5
Cravinho;431;6;52;20
Creme culinário;531;0;0;59
Creme culinário líquido, 65% gordura, com sal;588;0;0;65,3
Creme de camarão;39;3,6;1,7;1,4
Creme de camarão com natas;51;3,5;1,9;2,9
Creme de ervilhas;43;2,6;3;1,9
Creme para barrar de cacau e avelãs;545;5,9;54,7;33,3
Creme vegetal culinário, 75% gordura, sem sal;677;0,1;0,4;75
Creme vegetal de soja para barrar;444;0,2;3,7;47,6
Creme vegetal de soja para culinária (alternativa à nata);162;2,3;5,7;14,3
Creme vegetal para barrar  72% gordura, 33% ácidos gordos polinsaturados;651;0,1;0,4;72,1
Creme vegetal para barrar 35% gordura, com fitosteróis;328;0,1;3,2;35
Creme vegetal para barrar 37% gordura;343;1,4;0,2;37,4
Creme vegetal para barrar 58% gordura, com cálcio;525;0,3;0,5;58
Creme vegetal para barrar 70% gordura, 53% ácidos gordos monoinsaturados;632;0,1;0,5;70
Creme vegetal para barrar 70% gordura, com sal;632;0,1;0,3;70
Croissant;418;7,5;44,6;22,8
Croquete;316;13,2;23,1;18,8
Cubo de carne de galinha para caldo;236;15,4;9;15,4
Cubo de carne de vaca para caldo;183;19,8;8;8
Curgete crua;19;1,6;2;0,3
Curgete frita com óleo alimentar;64;2;2,5;4,8
Dióspiro;65;0,6;14,8;0
Dióspiro desidratado;353;3,3;80,8;0
Doce de alperce;233;0,5;57,4;0
Doce de cereja;262;0,2;64,9;0
Doce de framboesa;242;0,4;59,7;0
Doce de ginja;263;0,4;64,8;0
Doce de maçã;239;0,2;59;0
Doce de morango;245;0,2;60,5;0
Doce de pêssego;209;0,4;51,3;0
Donut;400;6,6;43;21,7
Donut recheado com doce de fruta;348;6;47;14,5
Dourada cozida;196;20,8;0;12,5
Dourada crua;167;19,7;0;9,8
Dourada grelhada;178;22,3;0;9,9
Éclair de chocolate;378;4,1;36,5;23,8
Empada;374;9,6;33,9;21,9
Empadão de atum;234;12,9;10,7;15,2
Empadão de bacalhau;118;6,9;10,9;5
Empadão de carne com manteiga;134;6,6;10,7;6,3
Empadão de carne com margarina;134;6,6;10,7;6,3
Empadão de carne guisada;167;9,4;10,9;9,3
Empadão de pescada e camarão;122;8,7;11;4,5
Endívia crua;19;1,8;1,2;0,4
Enguia crua;303;13,4;0;27,7
Enguia frita;267;14,8;3,2;21,6
Ervilhas secas cozidas;114;6,9;18,1;0,4
Ervilhas secas cruas;330;22,7;49,4;1,3
Ervilhas, grão, congeladas cozidas;72;5,6;7,5;0,5
Ervilhas, grão, congeladas cruas;68;5,3;7;0,5
Ervilhas, grão, frescas cozidas;72;6,2;7,9;0,7
Ervilhas, grão, frescas cruas;76;6,4;8,6;0,7
Ervilhas, grão, frescas, estufadas;113;5,1;9,6;5,1
Ervilhas, vagens cozidas;30;2,8;3,5;0,2
Ervilhas, vagens cruas;33;3,1;3,9;0,2
Espadarte cru;97;17,8;0;2,9
Espadarte grelhado;116;21,3;0;3,4
Espadarte, bife estufado com azeite e vinho;152;17,1;0,4;8,1
Espargos cozidos;16;1;2,2;0
Espargos crus;22;2,1;2,7;0
Esparguete cozido;102;3,4;19,9;0,6
Esparguete cru;360;12,1;71,1;1,9
Esparguete estufado com cenoura e azeite;121;3;17,6;3,9
Esparguete estufado com cenoura e margarina;115;3;17,6;3,2
Espinafres crus;27;2,6;0,8;0,9
Estragão fresco;55;3,4;6,3;1,1
Estragão seco;363;22,8;42,8;7,2
Faneca crua;82;19;0,1;0,6
Farelo de trigo;293;16,2;24,9;5,3
Farinha de alfarroba;368;3,2;85,6;0,3
Farinha de aveia;363;14,5;57;7,3
Farinha de centeio;370;7,8;77,3;1,2
Farinha de centeio tipo 70;364;6,6;78,5;1,1
Farinha de centeio tipo 85;375;9;76;1,3
Farinha de cevada;330;8,8;64,4;2,5
Farinha de espelta;339;14;61,8;2,3
Farinha de milho tipo 70;359;8,3;75,3;2,2
Farinha de pau (mandioca);350;1,4;84,6;0,3
Farinha de trigo (valor médio tipo 150 e tipo 55);349;8,5;73,7;1,5
Farinha de trigo com fermento;343;9,7;72,5;1,1
Farinha de trigo integral;338;9,6;65,2;2,4
Farinha de trigo tipo 150;352;9,1;73;1,8
Farinha de trigo tipo 55;344;7,8;74,3;1,1
Farinha de trigo tipo 65;341;13,6;67,6;1
"Farinha láctea 5 frutos tipo ""Cerelac"" (com farinha de trigo)";408;15;65;9
"Farinha láctea maçãs tipo ""Cerelac"" (com farinha de trigo)";412;15;66;9
"Farinha láctea tipo ""Cerelac"" (com farinha de trigo)";416;15;68;9
Farinheira cozida;404;4,8;26,4;30,7
Farinheira crua;497;4,8;26,7;41
Favada à portuguesa;130;8;8,4;5,9
Favas frescas cozidas;82;7,7;7,7;0,5
Favas frescas cruas;80;7,4;8,5;0,5
Favas secas cruas;301;25,8;32,8;1,3
Favas secas, demolhadas, cozidas;90;7,9;10,7;0,6
Feijão-verde fresco cozido;27;1,3;3,5;0,3
Feijão-verde fresco cru;32;1,9;3,8;0,3
Feijão branco, demolhado, cozido;102;6,5;14,6;0,6
Feijão branco, seco, cru;308;21,3;43,9;0,1
Feijão catarino, seco, cru;302;20,3;47,9;0,1
Feijão catarino, seco, demolhado, cozido;88;6;14,1;0
Feijão encarnado, seco, cru;310;21,5;47,9;0,5
Feijão encarnado, seco, demolhado, cozido;90;6,2;13,8;0,1
Feijão frade, seco, cru;339;21,4;55,3;1,5
Feijão frade, seco, demolhado, cozido;123;8,8;18,1;0,7
Feijão manteiga, demolhado, cozido;99;6,4;14;0,6
Feijão manteiga, seco, cru;313;24;42,6;0,1
Feijão preto, seco, cru;318;22,4;47,9;1
Feijão preto, seco, demolhado, cozido;80;6,5;8,4;0,3
Feijoa (polpa);52;0,9;9,8;0,5
Feijoada com carne de porco;187;13,6;13,3;7,2
Feijoada com carne de porco e de vaca;191;13,7;13,3;7,5
Feijoada com enchidos e ovos;240;9;14,1;15,1
Fermento em pó;156;4,7;34,4;0
Fermento fresco de padeiro;78;12,9;1;0,9
Fermento seco de padeiro;228;38,3;3,2;2,5
Fiambre de aves;83;13,8;2,7;1,6
Fiambre de porco;111;15,3;1,3;4,6
Fiambre, pá;112;14;1,3;5,1
Fiambre, peito de frango;82;13,7;2,8;1,3
Fiambre, peito de peru;85;13,8;2,6;1,9
Fiambre, perna;111;16,5;1,2;4,1
Figo (5 variedades);79;0,9;16,3;0,5
Figo cristalizado;295;0,5;71,2;0,4
Figo seco;276;2,8;58,2;1,5
Fisális;68;1,8;11,7;0,6
Flocos de arroz;379;7;83,4;1,5
Flocos de aveia;366;13,5;61,7;5,8
Flocos de centeio;352;12;69;2
"Flocos de cereais e frutos secos tipo ""Muesli""";388;10,4;69,1;6,3
Flocos de cevada;324;8,3;64,4;2
"Flocos de milho tipo ""Corn Flakes""";374;7,9;81,1;1,1
Flocos de trigo;373;14;69;2,5
"Flocos de trigo com figos tipo ""Nestum""";370;9;76,3;1,5
"Flocos de trigo com mel tipo ""Nestum""";385;8,2;84,6;1
Flocos de trigo e arroz enriquecidos com vitaminas, cálcio e ferro;372;7,5;79,2;1,3
"Flocos de trigo integral tipo ""All-Bran Flakes""";349;10,2;64,2;1,9
Flor de sal;0;0;0;0
Folhas de rabanete cruas;39;3,5;3,9;0,5
Framboesa;49;0,9;5,1;0,6
Framboesa desidratada;293;5,4;30,9;3,6
Francesinha, com molho;249;13,3;6,5;17,7
Frango (1/4) peito e asa com pele, cozidos;202;27,2;0;10,3
Frango (1/4) peito e asa com pele, estufados com azeite e margarina;204;18,5;1,7;13,5
Frango (1/4) peito e asa com pele, estufados com margarina;201;18,5;1,7;13,2
Frango (1/4) peito e asa com pele, estufados sem molho;223;29,2;0;11,8
Frango (1/4) peito e asa com pele, grelhados;235;28,7;0;13,4
Frango (1/4) perna com costa e pele, assada sem molho;231;26,9;0;13,7
Frango (1/4) perna com costa e pele, cozida;197;25,5;0;10,6
Frango (1/4) perna com costa e pele, estufada com azeite e margarina;203;17,3;1,7;13,8
Frango (1/4) perna com costa e pele, estufada com margarina;200;17,3;1,7;13,5
Frango (1/4) perna com costa e pele, estufada sem molho;215;26,9;0;11,9
Frango (1/4), peito e asa com pele, crus;196;20,4;0;12,7
Frango (1/4), perna com costa e pele, crua;195;19,1;0;13
Frango (1/4), perna com costa e pele, grelhada;231;26,9;0;13,7
Frango inteiro com pele, assado sem molho;239;27,6;0;14,3
Frango inteiro com pele, cozido;204;26,1;0;11,1
Frango inteiro com pele, cru;201;19,6;0;13,6
Frango inteiro com pele, estufado com azeite e margarina;224;19,1;1,8;15,4
Frango inteiro com pele, estufado com margarina;221;19,1;1,8;15,1
Frango inteiro com pele, estufado sem molho;233;28,8;0;13,1
Frango inteiro com pele, grelhado;239;27,6;0;14,3
Frango inteiro sem pele, cozido;169;32,8;0;4,2
Frango inteiro sem pele, cru;110;22,9;0;2
Frango inteiro sem pele, estufado com azeite e margarina;129;21;1,7;4,1
Frango inteiro sem pele, estufado com margarina;126;21;1,7;3,8
Frango inteiro sem pele, estufado sem molho;185;33,2;0;5,8
Frango inteiro sem pele, grelhado;168;31;0;4,9
Frango, peito com pele estufado com azeite e margarina;189;22,1;1,7;10,3
Frango, peito com pele estufado com margarina;187;22,1;1,7;10
Frango, peito com pele, cozido;194;32,1;0;7,3
Frango, peito com pele, cru;177;24,1;0;8,9
Frango, peito com pele, estufado sem molho;212;34,4;0;8,3
Frango, peito sem pele estufado com azeite e margarina;124;21,4;1,7;3,3
Frango, peito sem pele estufado com margarina;121;21,4;1,7;3
Frango, peito sem pele, cozido;148;34,5;0;1,1
Frango, peito sem pele, cru;108;24,1;0;1,2
Frango, peito sem pele, estufado sem molho;169;36,6;0;2,5
Frango, pele crua;474;9,7;0;48,3
Frango, perna sem pele, cozida;147;31,5;0;2,3
Frango, perna sem pele, crua;111;22;0;2,6
Frango, perna sem pele, estufada com azeite e margarina;124;19,1;1,6;4,4
Frango, perna sem pele, estufada com margarina;121;19,1;1,6;4,1
Frango, perna sem pele, estufada sem molho;180;32,9;0;5,4
Funcho fresco;32;2,8;2,6;0,4
Galinha de angola com pele, crua;152;23,4;0;6,5
Galinha, coração cru;149;15,6;0,7;9,3
Galinha, fígado cru;92;17,7;0;2,3
Gamba crua;88;21,5;0;0,2
Garoupa cozida;101;20,8;0;2
Garoupa crua;95;20,5;0;1,4
Garoupa grelhada;121;25,9;0;1,9
Gelado caseiro com bolachas e natas;358;5,1;36,5;21,2
Gelado caseiro com palitos la Reine;263;7,9;28,7;12,4
Gelado de água (sorvete);132;0,4;32,6;0
Gelado de leite;199;3,6;21,7;10,9
Gelatina desidratada (pó ou folha);349;87;0;0,1
Gelatina preparada com ananás em conserva;97;2,2;21,6;0
Gelatina preparada com laranja e sumo de laranja;84;2,6;17,4;0,1
Geleia de casca de laranja;275;0,3;68;0
Gema de ovo de galinha, crua;342;16;0;30,9
Gema de ovo de galinha, pasteurizada;294;15,3;1,3;25,2
Gengibre fresco;82;1,8;15,8;0,8
Gérmen de trigo;391;28,1;41,8;9,6
Gin - Rum- Whisky;222;0;0;0
Ginja;57;0,9;11,5;0,3
Goiaba crua, polpa;41;0,8;5;0,5
Goraz assado com cebola, tomate, azeite e óleo alimentar;117;14,8;1,5;5,1
Goraz cozido;108;19,2;0;3,5
Goraz cru;100;18,8;0;2,7
Goraz grelhado;118;22,4;0;3,2
Goraz no forno;110;18,7;0,7;2,7
Grão-de-bico, demolhado, cozido;119;6,8;15,1;2,1
Grão-de-bico, seco, cru;327;19,4;33,5;6,8
Grelos de couve cozidos;22;1,9;1,5;0,4
Grelos de couve crus;28;2,4;2,5;0,4
Grelos de nabo cozidos;20;1,8;1,3;0,4
Grelos de nabo crus;29;2,4;2,3;0,5
Gressino;396;10,7;67;8,7
Grilo doméstico, pó;506;58,3;0,1;28,9
Groselha;52;1,1;5;0,5
Hambúrguer de feijão manteiga frito com azeite;169;8;19,8;5,3
Hambúrguer de feijão manteiga frito com óleo de milho;169;8;19,8;5,3
Hortelã fresca;51;3,8;5,3;0,7
Imperador assado com cebola, tomate, azeite e óleo alimentar;94;13,7;1,4;3,1
Imperador cozido;84;19,9;0;0,5
Imperador cru;80;19;0;0,4
Imperador grelhado;97;23;0;0,5
Inhame cru;114;1,5;25,7;0,3
Iogurte gordo, aromatizado, açucarado;83;3,9;8,5;3,6
Iogurte gordo, com polpa e/ou pedaços de fruta e cereais açucarado;114;4,2;15,8;3,2
Iogurte gordo, com polpa e/ou pedaços de fruta, açucarado;96;4,2;12,4;3,2
Iogurte grego com fruta açucarado;113;2,7;13,7;5
Iogurte grego magro natural;56;5,3;3,9;2
Iogurte grego natural;85;1,4;4,8;6,6
Iogurte líquido magro, aromatizado, açucarado;62;3,2;11,6;0,3
Iogurte líquido meio gordo, aromatizado, açucarado;70;3;11,5;1,3
Iogurte líquido meio gordo, natural, açucarado;70;3,1;11,2;1,4
Iogurte magro, aromatizado, açucarado;69;5;11,8;0,1
Iogurte magro, com cereais e edulcorantes;50;4,3;5,7;0,4
Iogurte magro, natural;42;4,6;5,2;0,2
Iogurte magro, natural, com edulcorantes;47;5;6,3;0,1
Iogurte meio gordo, aromatizado, açucarado;79;4,3;11,3;1,8
Iogurte meio gordo, com polpa e/ou pedaços de fruta, açucarado;92;4,3;14,6;1,7
Iogurte meio gordo, natural;54;4,2;5;1,8
Iogurte meio gordo, natural, açucarado;91;4,7;13,1;2,1
Iogurte sem lactose enriquecido em proteína, magro, aromatizado, com pedaços e/ou polpa de fruta, açucarado;76;9;9,7;0
Iogurte sem lactose líquido, magro, aromatizado, com polpa de fruta, açucarado;78;3,1;16;0,2
Iogurte sem lactose líquido, magro, aromatizado, com polpa de fruta, com edulcorantes;34;3,3;5;0,1
Iogurte sem lactose líquido, meio gordo, aromatizado, açucarado;71;2,8;11,8;1,4
Iogurte sem lactose líquido, meio gordo, aromatizado, com polpa de fruta, açucarado;73;2,6;12,5;1,3
Iogurte sem lactose líquido, meio gordo, natural, açucarado;70;2,7;11,7;1,4
Iogurte sem lactose magro, aromatizado, com pedaços e/ou polpa de fruta, com edulcorantes;42;4,8;4,8;0,1
Iogurte sem lactose magro, natural;41;4,9;5;0,2
Iogurte sem lactose meio gordo, aromatizado, açucarado;76;3,5;12;1,5
Iogurte sem lactose meio gordo, aromatizado, com frutos secos e cereais, açucarado;98;3,7;16,1;1,6
Iogurte sem lactose meio gordo, aromatizado, com pedaços e/ou polpa de fruta, açucarado;83;3,7;13,6;1,3
Iogurte sem lactose meio gordo, natural;48;3,8;4,5;1,5
Iogurte sem lactose meio gordo, natural, açucarado;78;3,5;12,2;1,5
Javali cru;108;19,5;0;3,4
Jesuíta;518;4,1;54;31,2
Kefir de cabra, magro, natural, sólido;36;4,3;3,9;0,4
Kefir de cabra, natural, sólido;68;3,3;3,9;4,3
Kefir, magro, natural, sólido;30;3,4;3,6;0,1
Kefir, natural, liquido;62;3,3;4,4;3,3
Kefir, natural, sólido;65;4,1;3,9;3,5
Kefir, parcialmente desnatado, açucarado, aromatizado, liquido;69;3,3;10;1,6
Kefir, parcialmente desnatado, aromatizado, liquido;46;3,5;4,6;1,4
Kefir, parcialmente desnatado, natural, liquido;45;3,5;4,1;1,5
Lagosta cozida;90;20,6;0,2;0,8
Lagosta crua;79;18,2;0,1;0,7
Lagostim cozido;90;21,2;0,2;0,5
Lagostim cru;89;20,9;0,2;0,5
Lampreia crua;314;16,7;0,1;27,4
Lapas cruas;66;14,3;0,6;0,7
Laranja (3 variedades);52;0,9;10,5;0,1
Larvas de Tenebrio molitor, desidratadas;500;52,7;3,1;29,3
Lasanha à bolonhesa;183;7,7;9,2;12,4
Lebre crua;113;21,6;0;3
Leite achocolatado, sem lactose;58;3,5;7,5;1,4
Leite achocolatado, UHT;65;3,4;9,7;1,3
Leite condensado;338;7,8;56,4;9
Leite creme;163;5,9;19,5;6,8
Leite de cabra cru;70;3,8;4,6;4
Leite de coco, enlatado;185;2;2,8;18,4
Leite de ovelha cru;93;5,1;4,2;6,2
Leite evaporado;136;6,6;9,8;7,8
Leite fermentado (Bifidus) gordo, natural;67;4;4,5;3,6
Leite fermentado (Bifidus) sem lactose enriquecido com fibra, magro, aromatizado, com pedaços e/ou polpa de fruta, com sementes e/ou cereais, com frutos secos e/ou de casca rija, com edulcorantes;57;4,2;6,6;0,8
Leite fermentado (Bifidus) sem lactose líquido, meio gordo, aromatizado, com pedaços e/ou polpa de fruta, açucarado;71;2,7;11;1,7
Leite fermentado (Bifidus) sem lactose magro, natural, com edulcorantes;51;5,3;6,2;0,4
Leite fermentado (Bifidus) sem lactose, gordo, natural;70;4,2;4,8;3,7
Leite fermentado (Bifidus) sem lactose, magro, aromatizado, com pedaços e/ou polpa de fruta e/ou hortícolas, açucarado, com edulcorantes;57;4,9;8,2;0,4
Leite gordo especial, pasteurizado;62;3,1;4,8;3,4
Leite gordo sem lactose, enriquecido com vitaminas A, D, E e B9 (ácido fólico), UHT;62;3;4,6;3,5
Leite gordo, pasteurizado;62;3;4,7;3,5
Leite gordo, pó;495;26,8;38,7;25,9
Leite gordo, UHT;62;3;4,7;3,5
Leite humano;66;1,4;7,5;3,4
Leite humano, colostro;60;2,3;6,3;2,8
Leite humano, transição;66;1,6;6,6;3,7
Leite magro de pastagem, UHT;33;3,1;4,9;0,1
Leite magro sem lactose, enriquecido com proteína, aromatizado, UHT;55;8;5;0,2
Leite magro sem lactose, UHT;36;3,4;5,1;0,2
Leite magro, pó;359;35,1;52,7;0,9
Leite magro, UHT;35;3,4;4,9;0,2
Leite meio gordo de pastagem, UHT;46;3;5;1,5
Leite meio gordo sem lactose, UHT;48;3,3;5,1;1,6
Leite meio gordo, pó;427;30,7;45,6;13,5
Leite meio gordo, UHT;47;3,3;4,9;1,6
Lentilhas vermelhas, secas, cruas;327;25,7;46,6;0,3
Lentilhas, secas, cruas;321;25,2;47,6;0,7
Lentilhas, secas, demolhadas, cozidas;115;9,1;16,7;0,3
Lichia fresca;70;0,9;14,8;0,4
Licor beneditino;352;0;34,8;0
Licor de anis;385;0;36;0
Licor de ginja;239;0,1;19;0
Licor simples;294;0;24,4;0
Lima;31;0,7;1,7;0,2
Limão;31;0,5;1,9;0,3
Linguado cru;82;20,1;0;0,2
Linguado frito;164;24,3;2,7;6,2
Linguado grelhado;94;23,1;0;0,2
Linguiça;437;21,5;0;39
Lula crua;71;15,8;0;0,9
Lula estufada com cebola, tomate e azeite;135;16,1;2,9;6,3
Lula grelhada;144;32,5;0;1,6
Maçã (média com e sem casca);57;0;12,2;0,5
Maçã assada com açúcar;106;0,2;23,9;0,5
Maçã assada sem açúcar;75;0,3;15,7;0,5
Maçã com casca;64;0,2;13,4;0,5
Maçã cozida com açúcar;77;0,2;17;0,5
Maçã cozida sem açúcar;51;0,2;10,5;0,5
Maçã desidratada;354;1,1;74,5;2,9
Maçã seca;257;0,8;57,1;0,3
Maçã sem casca;61;0,2;12,7;0,5
Madalena;443;4,9;54,7;22,6
Maionese caseira, com ovo e azeite;657;4;0;71,2
Maionese caseira, com ovo e óleo de soja;644;3,9;0;69,8
Malagueta vermelha fresca;31;1,8;4,3;0,3
Malagueta vermelha, desidratada;317;10,6;41,2;5,8
Mandioca crua;145;1;33,8;0,3
Manga;59;0,5;11,7;0,3
Manga desidratada;340;2,9;67,4;1,7
Manjericão fresco;48;3,1;5,1;0,8
Manjericão seco;244;23;10;4,1
Manjerona seca;320;12,7;42,5;7
Manteiga com sal;739;0,1;0,7;81,8
Manteiga sem sal;750;0,1;0,7;83
Maracujá;52;2,6;5,7;0,4
Margarina;740;0,1;0,4;82
Margarina 3/4, de girassol;524;0,1;0,3;58
Margarina culinária para folhados, com sal;772;0,1;0,4;85,5
Margarina industrial para pastelaria, com sal;727;0,1;0,4;80,5
Margarina vegetal culinária, 80% gordura, com sal;722;0,1;0,4;80
Margarina vegetal culinária, com alho e sal;692;1;4,4;74,3
Marmelada;261;2,3;61,4;0,2
Marmelo;53;0,3;9,3;0,2
Maruca cozida;73;17,9;0;0,1
Maruca crua;70;17,2;0;0,1
Massa com ovo cozida;71;2,8;13,3;0,6
Massa com ovo crua;360;13,9;67,6;3,1
Massa de pimentão;44;2,6;4,4;1
Massa folhada, congelada;398;5;31,8;27,5
Massa miúda crua;356;12,4;70;1,8
Massa para lasanha cozida;115;4;22,6;0,7
Massa para lasanha crua;359;12;71,4;2,1
Massa para pizza;289;7,8;52,5;4,8
Massa quebrada para quiche;498;5,5;52,4;29,2
Medronho;150;1,2;31,4;0,6
Meia-desfeita de bacalhau;156;12,7;14,8;4,2
Mel;314;0,5;78;0
Mel de cana;311;0,3;77,4;0
Melaço;269;0,6;66,6;0,1
Melancia;32;0,6;7,3;0
Melão (3 variedades);39;0,8;7,9;0,3
Meloa;39;1;8,2;0
Merengue;353;4,1;83;0,5
Mexilhão cozido sem sal;97;16,8;2,8;2,1
Mexilhão cru;70;12,1;2;1,5
Milho doce em conserva;110;2,9;18,4;1,9
Milho, amido (pó);364;0,4;90,2;0,2
Milho, grão seco cru;368;9,3;70,3;4,9
Millet, cru, seco;362;11,1;71,2;3,2
Minarina (meia margarina);380;0,9;0,4;41,6
Mirtilo;43;0,5;6,4;0,6
Mirtilo desidratado;317;3,7;46,8;4,4
Miso, pasta de soja fermentada com arroz integral e cevada;177;11,9;15,1;6,5
"Molho ""Béchamel"" com manteiga";130;4;9,6;8,4
"Molho ""Béchamel"" com margarina";140;3,6;9,9;9,5
Molho branco com caldo de carne de vaca;115;1,1;6,8;9,2
Molho branco com margarina;244;4,4;18,5;16,8
Molho de bife frito com manteiga;379;2;0,4;41
Molho de carne de vaca assada com azeite e margarina;586;2,1;0,3;64
Molho de carne de vaca assada com margarina;513;1,9;0,4;56
Molho de carne de vaca estufada com azeite e margarina;260;1,7;0,4;27,9
Molho de carne de vaca estufada com vegetais, azeite e margarina;267;1,3;1,3;28,5
Molho de lombo de porco frito com banha;551;2,2;0;60,2
Molho de lombo de porco frito com banha e margarina;498;2,3;0,1;54,3
Molho de lombo de porco frito com margarina;447;2,3;0,2;48,5
Molho de lombo de vaca frito com creme vegetal sem sal;350;2,2;0,2;37,8
Molho de lombo de vaca frito com margarina;372;2,2;0,2;40,3
Molho de mostarda;444;2,6;18;40,2
Molho de soja;89;4,7;17,3;0
Molho de tomate;107;1,1;4,9;8,8
"Molho de tomate, ""ketchup""";119;1,7;26,9;0,3
Molho de vinagrete;648;0,2;0,2;71,8
Molho para francesinha;74;1,1;4,8;2,6
Molho verde;246;0,7;2,3;25,6
Morango;32;0,6;6;0,2
Morango desidratado;322;5,8;50,9;3,8
Morcela crua;363;12;12;29,5
Morcela grelhada;339;12,9;13,1;25,9
Mortadela;379;18,3;1,7;33,2
Mousse de chocolate;285;9,5;31;13,1
Múcua (fruto do embondeiro, baobab);212;2,8;16,3;0,1
Nabiça crua;17;2;1,2;0
Nabiças cozidas;16;2,1;0,7;0
Nabo (raiz) cozido;19;0,4;2,3;0,4
Nabo (raiz) cru;21;0,4;3;0,4
Nata maturada pasteurizada 30% gordura;306;1,9;2,7;32
Nata para bater pasteurizada 34% gordura;323;2,2;2,1;34
Nata pasteurizada 33% gordura;317;2;2,9;33
Nata pasteurizada 36% gordura;340;2;1,9;36
Nata pasteurizada para café, 15% gordura;153;2;2,4;15
Nata UHT 35% gordura;335;1,8;3,1;35
"Néctar de ""tutti - frutti""";46;0,1;10,8;0,1
Néctar de alperce;56;0,2;12,9;0,1
Néctar de ananás;46;0,2;10,5;0,1
Néctar de laranja;43;0,2;9,6;0,1
Néctar de maçã;48;0,1;11,3;0,1
"Néctar de maçã, ""light""";22;0,1;4,6;0,2
Néctar de pera;48;0,2;11;0,1
Néctar de pêssego;51;0,2;11,7;0,1
"Néctar de pêssego, ""light""";18;0,1;3,5;0,1
Nectarina;49;1,4;8,7;0,1
Nêspera;51;0,4;10,2;0,4
Noz-moscada;506;5,8;28,5;36,3
Noz macadâmia;752;8;5,1;76
Noz pecan;729;9,4;5,4;72,6
Noz, miolo;699;16,7;3,6;67,5
"Óleo ""Becel""";887;0;0;98,5
Óleo alimentar;896;0;0;99,5
Óleo de amendoim;887;0;0;98,5
Óleo de coco;900;0;0;100
Óleo de girassol;896;0;0;99,5
Óleo de linhaça;900;0;0;100
Óleo de milho;896;0;0;99,5
Óleo de palma;900;0;0;100
Óleo de soja;887;0;0;98,5
Omelete;136;12;0,2;9,5
Omelete com manteiga;199;13;0;16,3
Omelete com margarina;198;13;0;16,2
Orégão seco;265;9;26,4;4,3
Ostra, crua;65;8,6;3,9;1,7
Ovo de codorniz, cru;150;12,9;0,4;10,7
Ovo de galinha inteiro, cru;143;12,6;0,5;10,1
Ovo de galinha líquido, pasteurizado;131;11,9;0;9,3
Ovo de galinha, cozido;149;13;0;10,8
Ovo de galinha, escalfado;150;13;0;10,9
Ovo de galinha, estrelado;193;13,7;0;15,4
Ovo de galinha, estrelado com azeite;191;13,8;0;15,1
Ovo de galinha, estrelado com manteiga;194;13,7;0;15,5
Ovo de galinha, estrelado com margarina;194;13,7;0;15,5
Ovo de galinha, mexido com manteiga;197;13;0;16,1
Ovo de galinha, mexido com margarina;196;13;0;16
Ovo mexido com leite e margarina;213;11;0,9;18,3
Paio de lombo;288;29,2;0;19
Paio de lombo entremeado;361;22,8;0;30
Pão de centeio;268;5,9;56,4;0,8
Pão de centeio integral;229;7,7;41,3;2,1
Pão de forma, de trigo com passas;291;8,3;58,3;2
Pão de forma, de trigo enriquecido;284;8,7;54,5;2,7
Pão de leite (trigo);259;7,7;51,4;1,9
Pão de ló;361;9,6;62,2;8
Pão de milho;188;5,3;37,2;1,2
Pão de mistura de trigo e centeio;272;9;53,8;1,4
Pão de trigo;290;8,4;57,3;2,2
Pão de trigo com redução de sal;248;7;51;1,2
Pão de trigo integral;232;7,6;39,9;3
Pão de trigo integral com passas;247;7,4;44;2,6
Pão de trigo integral com sementes de sésamo;256;7,7;43,2;4
Pão de trigo integral com soja;233;9,4;38,2;2,8
Pão pita;218;7,7;42,7;1,1
Pão ralado;359;11,2;71,6;2,3
Papaia;45;0,6;9,1;0,1
Papaia desidratada;361;4,8;73,3;0,8
Pargo legítimo assado com cebola, tomate e azeite;136;15,9;1,4;6,7
Pargo legítimo cozido;82;19,8;0;0,3
Pargo legítimo cru;79;19,4;0;0,2
Pargo mulato assado com cebola, tomate e azeite;137;15,2;1,4;7,1
Pargo mulato cozido;85;19;0;1
Pargo mulato cru;80;18,5;0;0,7
Pasta de aves (paté), caseira;288;26,9;4,7;17,5
Pasta de fígado de porco (paté);363;10;3,2;34,5
Pastel de bacalhau;227;13,8;12,3;13,4
Pastel de feijão;322;6,8;52;9,4
Pastel de nata;275;4,7;38,3;10,6
Pastel folhado;415;7,1;37,4;26
Pastilha elástica;328;6,9;75,1;0
Pato com pele, assado sem molho;347;18,5;0;30,3
Pato com pele, cru;394;12,3;0;38,3
Pato sem pele, assado com margarina;276;36,2;0;14,6
Pato sem pele, cru;133;19,3;0;6,2
Pato sem pele, estufado com margarina;232;27,2;0;13,7
Peixe-espada-branco cru;117;20,3;0;4
Peixe-espada-branco frito;159;22,7;2,9;6,3
Peixe-espada-branco grelhado;123;20,2;0;4,7
Peixe-espada-preto cru;88;15,7;0;2,8
Peixe-espada-preto frito;259;24,2;3,2;16,6
Peixe-espada-preto grelhado;111;20,5;0;3,2
Peixinhos da horta;94;4;14,9;1,4
Pepino cru;19;1,4;1,7;0,6
Pera (5 variedades);57;0,1;12,2;0,4
Pera conserva em calda de açúcar;121;0,2;28,9;0,3
Pera cozida com açúcar;67;0,3;14,5;0,4
Pera cozida sem açúcar;40;0,3;7,8;0,4
Pera cristalizada;285;0,2;69,8;0,1
Pera desidratada;300;1,9;59,9;2,6
Percebes crus;59;13,6;0;0,5
Perdiz crua;104;23;0;1,3
Perdiz estufada com margarina;212;24,7;0,7;11,4
Peru inteiro com pele, cru;137;20,5;0;6,1
Peru, hambúrguer frito;56;8,8;3;0,7
Peru, peito com pele, cru;134;23;0;4,7
Peru, peito sem pele estufado com margarina;163;23,1;1,3;7,1
Peru, peito sem pele panado;226;25,5;8,4;9,9
Peru, peito sem pele, assado com margarina;175;28,9;0,1;6,4
Peru, peito sem pele, cru;105;23,4;0;1,3
Peru, perna com pele, assada com margarina;212;24,4;0;12,5
Peru, perna com pele, crua;149;18,9;0;8,1
Peru, perna com pele, estufada com margarina;170;19,1;1,3;9,7
Pescada cozida (valor médio);109;19,2;0;3,6
Pescada crua (valor médio);83;17,6;0;1,4
Pescada da África do Sul cozida;110;18,9;0;3,8
Pescada da África do Sul crua;81;17,2;0;1,3
Pescada da África do Sul frita;175;23,2;1,7;8,4
Pescada do Chile cozida;108;19,5;0;3,3
Pescada do Chile crua;86;18;0;1,5
Pescada do Chile frita;171;20,3;2,6;8,8
Pescada europeia cozida;114;20,1;0;3,7
Pescada europeia crua;75;17;0;0,8
Pescada europeia frita;164;21,7;1,4;7,9
Pescada frita (valor médio);173;21,7;2,1;8,6
Pescada, ovas cruas;83;14,3;0;2,9
Pêssego (2 variedades);50;0,8;10,6;0
Pêssego, conserva em calda de açúcar;85;0,5;20,6;0
Picles de pepino;74;0,5;16,5;0,5
Pimenta branca;306;10,4;48,3;2,1
Pimenta moída;273;10,7;38,3;2,7
Pimenta preta;302;10,7;44,5;3,3
Pimento cru;27;1,6;2,7;0,6
Pimento grelhado;32;1;4,9;0,6
Pinhão, miolo;622;33,2;5;51,7
Pistácio torrado e salgado;616;18;12,6;53
Pistácio torrado, sem sal;616;18;12,6;53
Pizza de queijo e tomate;271;10,5;33,2;10,1
Pizza de queijo, tomate e fiambre;281;11,7;29,2;12,5
Polvo cozido sem sal;103;22,7;0;1,3
Polvo cru;73;15,6;0;1,2
Pombo cru;232;20,3;0;16,7
Porco, baço;107;17,8;0,4;3,8
Porco, bife grelhado;203;16,7;0,7;14,2
Porco, cabeça;355;14,3;0,3;32,9
Porco, chispe;369;16,1;0,2;33,8
Porco, coração cru;113;18,4;0;4,4
Porco, coração estufado com banha e margarina;193;20,9;1;10,5
Porco, costeleta gorda crua;355;17,3;0;31,8
Porco, costeleta gorda grelhada;305;24,3;0;23,1
Porco, costeleta grelhada;212;18,1;0,8;14,4
Porco, costeleta meio gorda crua;221;19,8;0;15,8
Porco, costeleta meio gorda estufada;277;21,1;0,7;20,5
Porco, costeleta meio gorda estufada com azeite e banha;280;21,1;0,7;20,7
Porco, costeleta meio gorda estufada com azeite e margarina;277;21,1;0,7;20,4
Porco, costeleta meio gorda estufada com margarina;272;21,1;0,7;19,9
Porco, costeleta meio gorda estufada com óleo alimentar e banha;280;21,1;0,7;20,7
Porco, costeleta meio gorda estufada, sem molho;284;26,9;0;19,6
Porco, costeleta meio gorda frita panada;341;22,1;8,6;24,1
Porco, costeleta meio gorda grelhada;261;27;0;17
Porco, entrecosto cozido;235;26,9;0;14,2
Porco, entrecosto cru;190;19,6;0;12,4
Porco, entrecosto estufado com azeite e banha;246;20,9;0,7;17,1
Porco, entrecosto estufado com azeite e margarina;244;20,9;0,7;16,8
Porco, entrecosto estufado com margarina;239;20,9;0,7;16,3
Porco, entrecosto estufado com óleo alimentar e banha;246;20,9;0,7;17,1
Porco, entrecosto estufado sem molho;245;26,6;0;15,4
Porco, entrecosto grelhado;243;26,8;0;15,1
Porco, espetada grelhada;285;13,6;1,3;24,8
Porco, fígado cru;129;20,9;0;5
Porco, fígado frito com margarina e banha;211;23,2;0;13,1
Porco, fígado frito sem molho;180;25,2;0;8,8
Porco, fígado grelhado;162;26,3;0;6,3
Porco, hambúrguer frito, sem molho;264;27,5;0;17,1
Porco, hambúrguer grelhado;261;27,8;0;16,6
Porco, jarrete;140;21,4;0,1;6
Porco, língua crua;220;16,3;0;17,2
Porco, lombo assado;220;27,5;0,2;11,3
Porco, lombo assado com azeite e margarina;219;27,5;0,2;11,1
Porco, lombo assado com margarina;208;28,2;0;10,6
Porco, lombo assado com óleo alimentar e margarina;219;27,5;0,2;11,1
Porco, lombo assado, sem molho;210;32,7;0;8,8
Porco, lombo cru;131;22,2;0;4,7
Porco, lombo frito;182;28,8;0;7,4
Porco, lombo frito com manteiga;180;28,8;0;7,2
Porco, lombo frito com margarina;184;28,8;0;7,6
Porco, lombo frito panado;249;25,3;8,5;12,5
Porco, lombo grelhado;189;29,1;0;8,1
Porco, orelha crua;128;26;0,3;2,5
Porco, pé cru;335;38;0;20,4
Porco, perna gorda assada com azeite e margarina;353;22,4;0,2;28,2
Porco, perna gorda assada com margarina;347;22,4;0,2;27,6
Porco, perna gorda assada com óleo alimentar e margarina;353;22,4;0,2;28,2
Porco, perna gorda assada, sem molho;283;27,6;0;19,2
Porco, perna gorda crua;239;18,1;0;18,5
Porco, perna gorda grelhada;287;25,5;0;20,6
Porco, perna magra assada com azeite e margarina;245;26;0,2;14,6
Porco, perna magra assada com margarina;239;26;0,2;14
Porco, perna magra assada com óleo alimentar e margarina;244;26;0,2;14,5
Porco, perna magra assada, sem molho;213;31;0;9,9
Porco, perna magra crua;152;21;0;7,5
Porco, perna magra estufada com azeite e banha;206;22,4;0,7;11,9
Porco, perna magra estufada com azeite e margarina;203;22,4;0,7;11,6
Porco, perna magra estufada com margarina;198;22,4;0,7;11,1
Porco, perna magra estufada com óleo alimentar e banha;206;22,4;0,7;11,9
Porco, perna magra estufada, sem molho;213;28,6;0;11
Porco, perna magra grelhada;215;27,5;0;11,7
Porco, pulmões crus;101;13,9;0,2;5
Porco, rim cru;95;17;0;3
Porco, rim frito com margarina;206;23,6;0;12,4
Porco, rojões de carne gorda;244;14,9;0,8;19
Porco, rojões de carne magra;140;11,1;8,7;5,6
Porco, sangue cru;72;16,6;0,4;0,4
Porco, toucinho entremeado fresco, cru;682;8,4;0;72
Porco, toucinho entremeado fresco, grelhado sem adição de sal;676;16,1;0;67,9
Porco, toucinho entremeado ligeiramente salgado, cozido sem adição de sal;372;16,7;0;33,9
Porco, toucinho entremeado ligeiramente salgado, cru;506;13,7;0;50,1
Porco, toucinho entremeado magro;333;17,4;0,5;29,1
Pota crua;75;16,3;0;1,1
Presunto;215;25;0;12,8
Proteína texturizada de soja;327;53;17,2;1,4
Pudim de leite e ovos;246;6,1;44,8;4,7
Pudim flan caseiro;211;6,2;36,3;4,5
Pudim instantâneo em pó;412;2;79,4;9,4
Pudim instantâneo preparado com leite magro;104;3,2;18,3;1,9
Pudim instantâneo preparado com leite meio gordo;113;3,1;18,3;3
Puré de batata;126;2,3;16,8;5,2
Queijada de queijo fresco;301;7,5;56,7;4,7
Queijada de queijo magro;292;6,7;55,4;4,7
Queijada de requeijão;311;7,2;40,8;13,1
Queijo Amarelo da Beira Baixa;361;20,5;1,5;30
Queijo Brie;321;18,8;0;27,3
Queijo Camembert;254;19,2;0,2;19,6
Queijo Cheddar;419;25,4;0,1;34,9
Queijo creme para barrar;263;9,3;6,9;22
Queijo creme para barrar, alto teor polinsaturados;263;9,3;6,9;22
Queijo de Azeitão;339;19,5;2,6;27,5
"Queijo de cabra ""Pure chèvre""";286;13;2;25
Queijo de cabra atabafado, curado;313;18,2;2,7;24
Queijo de cabra atabafado, fresco;202;13;2,5;15,4
Queijo de cabra curado;382;21;2,5;30,5
Queijo de Castelo Branco;356;20,8;1,8;29,2
Queijo de Évora;405;23,8;2,1;32,9
Queijo de mistura (vaca, cabra e ovelha);329;19,6;2,4;26,7
Queijo de Nisa;451;23,4;2,6;38
Queijo de ovelha curado;401;22,8;2,4;33
Queijo de ovelha, amanteigado;361;19,7;1,6;30,3
Queijo de vaca curado;355;22,3;1,2;29
Queijo de vaca curado, magro;208;27,1;2,4;10
Queijo de vaca curado, meio gordo;280;23;1,7;20,1
Queijo de vaca, amanteigado;343;20,2;1,7;28,3
Queijo Emmental;384;28,9;0;29,7
Queijo flamengo;349;22,7;0,8;28,3
Queijo flamengo light (-50% gordura);228;26,8;0;13,3
Queijo fresco açucarado com sabor a fruta;110;7,3;11,6;3,6
Queijo fresco de cabra;182;12;2,1;13,8
Queijo fresco de ovelha;204;11,3;3,9;15,6
Queijo fresco magro;96;13;6,9;1,8
Queijo fresco meio gordo;156;9,2;2,7;11,9
Queijo fundido 40% gordura;326;22,5;0,2;25,7
Queijo Gouda;380;25,3;0;30,6
Queijo Gruyère;415;27,2;1,4;33,3
Queijo Mascarpone;458;7,6;0,3;47
Queijo Mestiço de Tolosa;407;24,5;1,8;33
Queijo Mozzarella fresco;256;18,7;1,3;19,5
Queijo Parmesão;406;37,7;0,1;27,8
Queijo Quark açucarado magro com sabor a fruta;78;8,4;10,8;0,1
Queijo Quark natural magro;60;10,3;4;0,3
Queijo Quark natural meio gordo;125;8,1;3,9;8,5
Queijo Raclette;354;25,5;0,4;27,8
Queijo Roquefort;372;22;0,2;31,5
Queijo São Jorge;409;26,6;2,5;32,5
Queijo Serpa;375;22;2,4;30,5
Queijo Serra da Estrela;324;23,8;2;24
Queijo Serra da Estrela, velho;389;25,5;0,2;31,5
Queque;443;6,1;51,7;23,3
Quiabo cru;37;2,8;3,1;1
Quiche de espinafres;275;12,6;12,4;19,1
Quiche de vegetais;302;11,9;12,9;22,2
Quiche lorraine;374;14,4;23,5;24,5
"Quivi, ""Kiwi""";54;0,9;9,5;0,5
"Quivi, ""Kiwi"" desidratado";333;6,1;60,6;2,8
Rabanada;294;4,7;31,3;16,6
Rabanete cru;15;1;1,9;0,2
Rábano cru;88;6;10,7;0,7
Raia crua;58;14,1;0;0,2
Rancho com carne de galinha, porco e vaca;84;5,1;6,5;3,9
Rancho com carne de porco;107;4,8;6,8;6,2
Rebentos de alfalfa crus;29;4;0,3;0,7
Rebentos de bambu crus;14;0,9;1,2;0,2
Rebentos de feijão mungo;21;2;2,1;0,2
Rebentos de soja crus;98;9,2;5,8;3,9
Rebuçados;381;0,3;95;0
Requeijão de cabra;197;10,7;3,4;15,5
Requeijão de mistura (ovelha e cabra);136;7,8;3,7;10
Requeijão de mistura (vaca, ovelha e cabra);179;13,6;4,9;11,7
Requeijão de ovelha;246;11;3,8;20,6
Requeijão de vaca;149;8;5,8;10,4
Rissol;280;7,3;31,8;13,4
Rissol de camarão;211;6,1;26,6;8,6
Robalo assado com cebola, azeite, banha e manteiga;192;20,4;0,6;11,8
Robalo cozido;182;21;0;10,9
Robalo cru;106;18,5;0;3,5
Robalo grelhado;209;23;0;13
Romã;60;0,4;12;0,4
Rúcula crua;29;2,6;2,2;0,7
Safio cru;109;17,7;0;4,2
Sal;0;0;0;0
Salada de alface e tomate temperada com azeite e vinagre;30;1,1;2,6;1,4
Salada de atum;104;6,9;8,4;4,3
Salada de bacalhau com grão;115;8,7;7,6;4,9
Salada de fruta;57;0,6;12,5;0,1
Salada russa;116;1,4;5,6;9,3
Salame;422;19,5;1,3;37,6
Salicórnia fresca;14;0,7;1,1;0,2
Salmão cozido;273;20,7;0;21,1
Salmão cru;262;16,2;0;21,9
Salmão grelhado;309;23,8;0;23,7
Salmonete cru;136;21,7;0,1;5,5
Salpicão;412;20,5;0;36,7
Salsa fresca;20;3,1;0,4;0
Salsa seca;244;15,8;14,5;7
Salsicha de soja;252;13,5;0,6;20,9
Salsicha fresca crua;210;15,5;0;16,4
Salsicha fresca estufada com couve e azeite;140;7,2;1,1;11,6
Salsicha fresca estufada com legumes e azeite;121;5,9;3,7;8,9
Salsicha tipo Frankfurt;178;9;2,4;14,7
Salsicha tipo Frankfurt frita (escorrido o óleo);201;10,2;2,8;16,5
Salsicha tipo Frankfurt grelhada;211;12;3,2;16,7
Sapateira crua;104;19,5;0;2,9
Sarda cozida;174;19,7;0;10,6
Sarda crua;181;19;0;11,7
Sarda grelhada;191;22,5;0;11,2
Sardinha frita;300;22,5;8,7;19,4
Sardinha gorda crua;221;18,4;0;16,4
Sardinha gorda frita;247;23;3,5;15,6
Sardinha gorda grelhada;211;25;0;12,3
Sardinha meio gorda conserva em água, sem espinha e sem pele;174;22;0;9,6
Sardinha meio gorda conserva em azeite;202;22,7;0,8;12
Sardinha meio gorda conserva em azeite (escorrido);189;26,3;0,8;9
Sardinha meio gorda crua;158;18,9;0;9,1
Sardinha meio gorda frita;174;20;0,5;10,2
Sardinha meio gorda grelhada;168;25,9;0;7,2
Seitan;139;25;5,4;1,7
Sementes de abóbora, cruas, secas, miolo;567;22;10;46,4
Sementes de cânhamo secas;424;29,5;2,4;27,9
Sementes de chia;456;14,4;4,6;34,4
Sementes de coentro;358;12,4;16,2;17,8
Sementes de girassol, cruas, secas, miolo;585;22,1;8,3;48,5
Sementes de linhaça cruas;487;25;18,1;31
Sementes de melão;590;28,5;9;47,7
Sementes de mostarda;449;25,5;15,9;28,8
Sementes de papoila;565;19,3;13,7;45,9
Sementes de sésamo;620;22,1;6,4;55
Sêmola de milho;350;8,8;73,8;1,1
Shortening para pastelaria;878;0;0;97,5
Shortening para restaurante;900;0;0;100
Sidra (vinho de maçã);48;0;2,3;0
Sobremesa à base de soja;95;3,5;15,8;1,8
Soja cozida sem sal;151;12,5;5,6;7,5
Soja, farinha com baixo teor de gordura;314;44;21,8;2,6
Soja, grão seco, cru;407;32,8;18,3;19,3
Solha crua;90;19;0;1,6
Solha frita;147;23;8,9;2
Solha grelhada;104;21,9;0;1,8
Sonhos;389;8,7;29,2;26,2
Sopa à lavrador;51;1,2;7,6;1,5
Sopa de abóbora;33;0,6;4;1,5
Sopa de agrião;37;1;4,2;1,6
Sopa de agrião com leite;33;1,3;5,3;0,5
Sopa de agrião com requeijão;28;1,1;2;1,6
Sopa de carne de porco;60;4;7,3;0,9
Sopa de cebola;40;0,8;5,4;1,5
Sopa de cenoura;29;0,9;4,4;0,6
Sopa de couve-branca;40;0,8;5,4;1,5
Sopa de couve-lombarda;41;0,9;5,3;1,5
Sopa de cozido;36;2,6;2,9;1,4
Sopa de ervilhas;48;1,6;6,4;1,5
Sopa de espinafres;39;1;4,8;1,6
Sopa de espinafres com ovos;93;2,5;4,7;6,9
Sopa de favas;49;1,8;6,4;1,5
Sopa de feijão;51;2,5;4,1;2,1
Sopa de feijão-branco com couve-portuguesa, sem adição de sal;47;2,5;4,9;1,3
Sopa de feijão-manteiga;46;1,2;8,7;0,4
Sopa de feijão-manteiga com couve-lombarda;43;2,1;3,5;1,8
Sopa de feijão-verde;32;0,7;3,5;1,5
Sopa de feijão-verde e cenoura;42;0,9;5,8;1,5
Sopa de feijão-verde e nabo;36;0,7;3,4;1,9
Sopa de grão à moda da avó;107;4,7;15,1;2,3
Sopa de grão com arroz e espinafres;60;2,4;7;2,1
Sopa de grão com arroz, espinafres e coentros;45;2,1;5,3;1,3
Sopa de grão com espinafres;55;2,6;5,1;2,3
Sopa de nabiças (ou de grelos de nabo);40;1;5,8;1,2
Sopa de peixe;17;1,3;1,3;0,6
Sopa de peixe com massa;46;2,8;5,8;1,1
Sopa de tomate;31;1,1;4,4;0,8
Sopa de vegetais;11;0,8;1,2;0,2
Sopa juliana;31;0,9;4,3;0,9
Sopa, caldo verde;43;1,3;5,3;1,7
Sopa, canja de galinha;40;2;5,8;0,9
Sopa, creme de cenoura;34;0,6;4,4;1,4
Sopa, puré de feijão;43;1,6;4,5;1,6
Sopa, puré de vegetais;42;1;5,5;1,5
Sucedâneo de café, 20% de café, pó;359;6,5;77;2,8
Sucedâneo de café, pó;375;5;81;3,4
Sultanas;304;2,7;69,4;0,4
Sumo de ananás, 100%;45;0,5;10,3;0
Sumo de ananás, concentrado;265;0;64,7;0
Sumo de laranja, 100%;45;0,5;10,3;0
Sumo de laranja, concentrado;272;0,1;64,9;0,7
Sumo de limão, fresco (espremido);25;0,3;1,5;0
Sumo de maçã, 100%;44;0,5;10,3;0
Sumo de pêssego, 100%;50;0,5;11,5;0
Sumo de tomate, 100%;21;1,1;3,5;0
Tahini;661;18,5;11,6;58,9
Tâmara fresca;147;1,2;33,2;0,1
Tâmara seca;298;2,5;67,3;0,3
Tamarilho sem pele;34;2;4,6;0,3
Tamarindo cru;242;2,3;54,9;0,3
Tamboril cru;73;17,9;0;0,2
Tamboril grelhado;88;21,4;0;0,3
Tângera;41;0,7;7,8;0,1
Tangerina;44;0,7;8,7;0,1
Tapioca;356;0,3;87,5;0,2
Tarte de maçã;200;1,8;29,3;8
Tarte de maçã e pêssego;224;4,4;36,7;6,2
Tisana, infusão de ervas;1;0;0,2;0
Tofu frito com azeite;108;8,7;1,1;7,6
Tofu frito com óleo de milho;108;8,7;1,1;7,6
Tofu simples;77;8,5;0,7;4,4
Tomate cherry cru;30;1;4;0,8
Tomate concentrado;82;3,7;14,3;0,3
Tomate cru;21;0,8;3,1;0,3
Tomate em conserva ao natural;21;1;3,2;0,3
Tomate seco;296;10,5;46;3,9
Tomilho fresco;52;1,5;7,4;1,2
Tomilho seco;321;9,1;45,3;7,4
Toranja;36;0,9;6;0,1
Torta de chocolate e chantilly;369;8;29,6;23,9
Tosta de trigo;377;12,5;69,7;4,2
Tosta de trigo integral;373;15,4;62,6;5,1
Tosta de trigo sem sal;379;11,3;72,7;3,8
Tosta de trigo simples;379;11,3;72,7;3,8
Tremoço cozido, sem sal;124;16;7,2;2,4
Tremoço, cozido e salgado;115;15,7;3,7;2,4
Trigo Sarraceno (grão) cru;337;12,4;61,3;2,5
Tripa de porco fresca;180;7,6;0;16,6
Tripa de vaca crua;160;16,3;0,1;10,5
Truta arco-íris crua;92;17,8;0;2,3
Truta arco-íris grelhada;119;21,3;0;3,7
Túbera (trufa) crua;77;3,3;14,5;0,3
Uva branca (5 variedades);78;0,3;17,3;0,5
Uva de mesa (branca e tinta);73;0,6;15,7;0,5
Uva seca (passas);300;3;68,2;0,8
Uva tinta (5 variedades);83;0,3;18,6;0,5
Vaca assada com azeite e margarina;280;24,2;0;20,4
Vaca assada com azeite, margarina e óleo alimentar;280;24,2;0;20,4
Vaca assada com margarina;273;24,2;0;19,6
Vaca assada com óleo alimentar e margarina;280;24,2;0;20,4
Vaca assada, sem molho;192;26,9;0;9,4
Vaca magra cozida;259;33,7;0;13,8
Vaca magra estufada;226;21,8;1,2;14,2
Vaca magra estufada à jardineira;111;5,5;11,4;4,4
Vaca magra estufada com azeite e margarina;226;21,8;1,2;14,2
Vaca magra estufada com margarina;220;21,8;1,2;13,6
Vaca magra estufada com óleo alimentar e margarina;226;21,8;1,2;14,2
Vaca magra estufada, sem molho;234;31,5;0;12
Vaca meio gorda estufada;278;21,4;1,2;20,2
Vaca meio gorda estufada com azeite e margarina;278;21,4;1,2;20,2
Vaca meio gorda estufada com margarina;273;21,4;1,2;19,6
Vaca meio gorda estufada com óleo alimentar e margarina;278;21,4;1,2;20,2
Vaca meio gorda estufada, sem molho;280;31,8;0;17
Vaca para assar crua;174;19,4;0;10,7
Vaca para cozer ou estufar magra crua;175;21,7;0;9,8
Vaca para cozer ou estufar meio gorda crua;227;21,3;0;15,8
Vaca, bife à café;226;16,9;1,6;16,5
Vaca, bife à Marrare com manteiga;368;16;0,9;33,3
Vaca, bife à Marrare com margarina;363;16;0,8;32,8
Vaca, bife com ovo a cavalo, frito com banha;172;17,2;0,4;11,2
Vaca, bife com ovo a cavalo, frito com manteiga;155;17,4;0,5;9,2
Vaca, bife cru (valor médio de acém, alcatra e lombo);122;20,9;0;4,3
Vaca, bife frito com manteiga (valor médio de acém, alcatra e lombo);201;24,2;0,1;11,5
Vaca, bife frito, sem molho (valor médio de acém, alcatra e lombo);183;28,8;0;7,5
Vaca, bife grelhado (valor médio de acém, alcatra e lombo);163;26,4;0;6,4
Vaca, cachaço cru;137;21,3;0,3;5,6
Vaca, coração cozido;123;23,4;0;3,3
Vaca, coração cru;92;17;0;2,7
Vaca, coração estufado com banha e margarina;154;17,7;0,9;7,8
Vaca, espetada grelhada;213;23,5;0,8;12,8
Vaca, fígado cru;132;20,9;2,1;4,4
Vaca, fígado frito sem molho;171;24,5;2,5;7
Vaca, hambúrguer cru;142;20,2;0;6,8
Vaca, hambúrguer frito;207;19,1;1,2;13,8
Vaca, hambúrguer grelhado;183;27,3;0;8,2
Vaca, língua crua;199;15,9;0;15
Vaca, língua estufada, sem molho;267;19,8;0;20,9
Vaca, lombo magro assado com azeite e margarina;205;26,2;0;11,1
Vaca, lombo magro assado com azeite, manteiga e óleo alimentar;207;26,2;0;11,4
Vaca, lombo magro assado com margarina;198;26,2;0;10,4
Vaca, lombo magro assado com óleo alimentar e margarina;205;26,2;0;11,1
Vaca, lombo magro assado, sem molho;172;29,2;0;6,1
Vaca, lombo magro cru;114;21;0;3,3
Vaca, lombo magro no forno, com tomate, cebola, cenoura e alho;128;11,9;2,5;6,8
Vaca, picanha grelhada;194;21,7;0;11,9
Vaca, rim cru;92;18;0;2,2
Veado cru;112;20,6;0;3,3
Vieira, crua;83;18,5;0;1
Vinagre;22;0,3;0,6;0
Vinho branco de uvas sobreamadurecidas;110;0;10,3;0
Vinho da Madeira;147;0;7,5;0
Vinho do Porto, doce;167;0,1;14;0
Vinho do Porto, meio seco;141;0,1;6,5;0
Vinho do Porto, seco;138;0,1;4;0
Vinho espumante, Bruto;74;0;1,1;0
Vinho espumante, Doce;110;0,1;12;0
Vinho espumante, Extra bruto;71;0;0,7;0
Vinho espumante, Extra seco;76;0;2,2;0
Vinho espumante, Meio seco;80;0;4,1;0
Vinho espumante, Seco;77;0;3,1;0
Vinho frisante;68;0;2;0
Vinho licoroso, teor alcoólico  ≥17 e <20%vol.;126;0;6,1;0
Vinho licoroso, teor alcoólico <17%vol.;123;0;7,8;0
Vinho licoroso, teor alcoólico ≥20% vol.;147;0;7,5;0
Vinho maduro branco, teor alcoólico <12,5% vol.;74;0;1,1;0
Vinho maduro branco, teor alcoólico ≥12,5% vol.;98;0;1,1;0
Vinho maduro palhete;65;0,1;0,1;0
Vinho maduro tinto, teor alcoólico <12,5% vol.;72;0;0,9;0
Vinho maduro tinto, teor alcoólico ≥12,5% vol.;96;0;0,9;0
Vinho rosé de uvas sobreamadurecidas;107;0;9,3;0
Vinho rosé, teor alcoólico <12,5% vol.;71;0;1,3;0
Vinho rosé, teor alcoólico ≥12,5% vol.;103;0;0,9;0
Vinho verde branco;60;0;0,1;0
Vinho verde tinto;59;0;0,3;0
Vitela, bife cru;149;19,9;0,2;7,6
Vitela, bife frito;229;19;0,4;16,4
Vitela, chambão cru;195;20,3;0,2;12,6
Vitela, coração cru;100;16,8;0;3,6
Vitela, costeleta crua;121;20;0;4,5
Vitela, costeleta frita com margarina;183;23,4;0;9,9
Vitela, costeleta frita panada;148;19,7;3,4;5,3
Vitela, costeleta frita sem molho;159;24,3;0;6,9
Vitela, costeleta grelhada;131;25,2;0;3,3
Vitela, fígado cru;119;20,3;1,5;3,5
Vitela, fígado frito com margarina e banha;201;22,6;1,7;11,5
Vitela, fígado frito sem molho;179;24,6;1,5;8,3
Vitela, fígado grelhado;153;25,7;1,9;4,7
Vitela, lombo assado com azeite e margarina;225;23;0,2;14,4
Vitela, lombo assado com azeite, margarina e óleo alimentar;225;23;0,2;14,4
Vitela, lombo assado com margarina e óleo alimentar;225;23;0,2;14,4
Vitela, lombo assado, sem molho;151;25,1;0;5,6
Vitela, lombo cru;148;19,9;0;7,6
Vitela, lombo frito com margarina;217;23,5;0;13,7
Vitela, lombo frito, sem molho;195;24,9;0;10,6
Vitela, lombo grelhado;150;25;0;5,6
Vitela, pá crua;138;23,3;0,3;4,9
Vitela, peito magro cozido;171;24,8;0;8
Vitela, peito magro cru;147;19,6;0;7,6
Vitela, peito magro estufado;208;22,9;0,6;12,6
Vitela, peito magro estufado com azeite e margarina;208;22,9;0,6;12,6
Vitela, peito magro estufado com azeite, margarina e óleo alimentar;208;22,9;0,6;12,6
Vitela, peito magro estufado com margarina e óleo alimentar;208;22,9;0,6;12,6
Vitela, peito magro estufado, sem molho;179;26;0;8,3
Wasabi, raiz crua;100;4,8;15,8;0,6
